{
    "equity": {
        "total_cost": 218504637.64,
        "income": 0,
        "market_value": 213534049.74031755,
        "unrealized_pnl": -4970587.89968246,
        "roi": -0.02274820321146599,
        "xirr": 0.05716433,
        "holding_percentage": 100.0,
        "constituents": [
            {
                "name": "Large-Cap",
                "total_cost": 82614583.81,
                "income": 0.0,
                "market_value": 78487785.77392,
                "unrealized_pnl": -4126798.03608,
                "roi": -0.04995241573292869,
                "xirr": -0.03536872,
                "holding_percentage": 36.75656686573891,
                "instruments": [
                    {
                        "name": "BHARAT PETROLEUM",
                        "total_cost": 5385834.07,
                        "income": 0.0,
                        "market_value": 3088743.8442399,
                        "unrealized_pnl": -2297090.2257601,
                        "roi": -0.42650594056643487,
                        "xirr": -0.3243997,
                        "holding_percentage": 3.9353178507760003
                    },
                    {
                        "name": "BOSCH",
                        "total_cost": 2615049.45,
                        "income": 0.0,
                        "market_value": 3299166.265625,
                        "unrealized_pnl": 684116.815625,
                        "roi": 0.2616076019614084,
                        "xirr": 0.1788238,
                        "holding_percentage": 4.203413605179381
                    },
                    {
                        "name": "EICHER MOTORS",
                        "total_cost": 5498876.56,
                        "income": 0.0,
                        "market_value": 8197382.26611774,
                        "unrealized_pnl": 2698505.70611774,
                        "roi": 0.4907376400749283,
                        "xirr": 0.32825314,
                        "holding_percentage": 10.444150239796386
                    },
                    {
                        "name": "ICICI BANK",
                        "total_cost": 13543703.9,
                        "income": 0.0,
                        "market_value": 15835481.87641884,
                        "unrealized_pnl": 2291777.97641884,
                        "roi": 0.16921353223166966,
                        "xirr": 0.12339144,
                        "holding_percentage": 20.175727624718736
                    },
                    {
                        "name": "Larsen & Toubro",
                        "total_cost": 6905043.34,
                        "income": 0.0,
                        "market_value": 7477190.5590747,
                        "unrealized_pnl": 572147.2190747,
                        "roi": 0.08285932338184282,
                        "xirr": 0.05807262,
                        "holding_percentage": 9.526565803005782
                    },
                    {
                        "name": "POWER FIN",
                        "total_cost": 5613953.92,
                        "income": 0.0,
                        "market_value": 4756320.0,
                        "unrealized_pnl": -857633.92,
                        "roi": -0.15276825072336897,
                        "xirr": -0.11104056,
                        "holding_percentage": 6.059949268667527
                    },
                    {
                        "name": "POWER GRID",
                        "total_cost": 5272673.89,
                        "income": 0.0,
                        "market_value": 4913854.75621469,
                        "unrealized_pnl": -358819.13378531,
                        "roi": -0.06805259366899893,
                        "xirr": -0.0484202,
                        "holding_percentage": 6.260661716676266
                    },
                    {
                        "name": "RELIANCE INDUSTRIES",
                        "total_cost": 8245852.57,
                        "income": 0.0,
                        "market_value": 3929123.83960497,
                        "unrealized_pnl": -4316728.73039503,
                        "roi": -0.5235030209126126,
                        "xirr": -0.40986366,
                        "holding_percentage": 5.006032213626981
                    },
                    {
                        "name": "TATA POWER",
                        "total_cost": 7115391.54,
                        "income": 0.0,
                        "market_value": 6313459.2471669,
                        "unrealized_pnl": -801932.2928331,
                        "roi": -0.11270388822947332,
                        "xirr": -0.08160078,
                        "holding_percentage": 8.043874833407191
                    },
                    {
                        "name": "TATA STEEL",
                        "total_cost": 7200504.62,
                        "income": 0.0,
                        "market_value": 7550551.7839973,
                        "unrealized_pnl": 350047.1639973,
                        "roi": 0.04861425448225044,
                        "xirr": 0.03463217,
                        "holding_percentage": 9.620034135943486
                    },
                    {
                        "name": "SUN PHARMACEUTICAL IND",
                        "total_cost": 4856269.17,
                        "income": 0.0,
                        "market_value": 4376084.33545996,
                        "unrealized_pnl": -480184.83454004,
                        "roi": -0.09887936968288766,
                        "xirr": -0.13359712,
                        "holding_percentage": 5.575497247514465
                    },
                    {
                        "name": "L&T TECHNOLOGY SER",
                        "total_cost": 6228639.19,
                        "income": 0.0,
                        "market_value": 4812558.0,
                        "unrealized_pnl": -1416081.19,
                        "roi": -0.22735001126305407,
                        "xirr": -0.30475492,
                        "holding_percentage": 6.131601181695103
                    },
                    {
                        "name": "LTIMINDTREE",
                        "total_cost": 4132791.59,
                        "income": 0.0,
                        "market_value": 3937869.0,
                        "unrealized_pnl": -194922.59,
                        "roi": -0.0471648728843837,
                        "xirr": -0.06582028,
                        "holding_percentage": 5.017174278992693
                    }
                ]
            },
            {
                "name": "Mid-Cap",
                "total_cost": 74895726.36,
                "income": 0.0,
                "market_value": 72289803.05214263,
                "unrealized_pnl": -2605923.30785736,
                "roi": -0.03479401875791301,
                "xirr": 0.20137949,
                "holding_percentage": 33.85399337485311,
                "instruments": [
                    {
                        "name": "CENTURY TEXTILES",
                        "total_cost": 4021199.61,
                        "income": 0.0,
                        "market_value": 3323258.19873426,
                        "unrealized_pnl": -697941.41126574,
                        "roi": -0.1735654727335806,
                        "xirr": -0.12585705,
                        "holding_percentage": 4.597132733004119
                    },
                    {
                        "name": "CONTAINER CORPORATION OF INDIA",
                        "total_cost": 7243290.05,
                        "income": 0.0,
                        "market_value": 3662484.53438331,
                        "unrealized_pnl": -3580805.51561669,
                        "roi": -0.49436174596055144,
                        "xirr": -0.38564438,